manufacturer,listings,median_price,q25,q75,median_age,median_odometer,iqr
porsche,691,29000.0,15225.0,44963.5,10.0,69393.0,29738.5
ram,7133,24950.0,13995.0,35990.0,7.0,104190.0,21995.0
rover,1116,22992.5,11500.0,37889.75,7.0,79410.0,26389.75
audi,3217,16500.0,9500.0,26995.0,7.0,83728.0,17495.0
gmc,7372,16000.0,8500.0,29995.0,9.0,118755.0,21495.0
jeep,9295,15500.0,7500.0,24762.5,8.0,97797.0,17262.5
mercedes-benz,5428,15450.0,8500.0,25988.5,9.0,85000.0,17488.5
infiniti,1985,14900.0,7995.0,23900.0,8.0,93401.0,15905.0
jaguar,614,13998.0,6312.5,28590.0,11.0,68672.0,22277.5
bmw,6744,13995.0,7995.0,23900.0,9.0,87000.0,15905.0
lexus,3847,13900.0,7999.0,24589.0,11.0,104683.0,16590.0
ford,33141,12999.0,6900.0,24248.0,9.0,111128.0,17348.0
cadillac,3189,12500.0,6000.0,21995.0,10.0,92400.0,15995.0
chevrolet,25216,11995.0,6000.0,21983.5,9.0,110727.0,15983.5
acura,2297,11000.0,6000.0,19993.0,10.0,111164.0,13993.0
lincoln,1694,10900.0,5879.75,20988.75,10.0,95825.0,15109.0
subaru,5797,10550.0,6450.0,17995.0,8.0,105000.0,11545.0
toyota,18375,10200.0,5990.0,18980.0,11.0,122692.0,12990.0
kia,4227,9999.0,6500.0,14999.0,6.0,86286.0,8499.0
mini,1221,9500.0,6450.0,15900.0,9.0,81840.0,9450.0
dodge,6482,9500.0,5291.25,18912.0,8.0,101823.5,13620.75
hyundai,5395,9000.0,5900.0,14500.0,8.0,94000.0,8600.0
volkswagen,4476,8999.0,5900.0,14999.0,8.0,92000.0,9099.0
nissan,10593,8995.0,5650.0,15000.0,8.0,98612.0,9350.0
buick,2632,8495.0,4398.0,16452.0,10.0,97647.5,12054.0
honda,13026,8151.0,4988.0,14173.5,11.0,123000.0,9185.5
mitsubishi,1379,7999.0,4500.0,16590.0,8.0,87590.0,12090.0
mazda,2817,7900.0,4977.0,13995.0,10.0,105432.0,9018.0
volvo,1621,7426.0,4000.0,15285.0,11.0,115000.0,11285.0
chrysler,3453,6995.0,3999.0,11995.0,10.0,108000.0,7996.0
pontiac,1302,4200.0,2995.0,6430.25,15.0,134516.0,3435.25
mercury,694,3999.0,2812.5,5698.75,16.0,129000.0,2886.25
saturn,734,3981.5,2500.0,5243.75,14.0,133040.0,2743.75
