vehicle_age,listings,median_price,q25,q75
0.0,974,31770.0,20633.75,52999.0
1.0,5522,35590.0,24990.0,46900.0
2.0,8427,29900.0,21398.0,39990.0
3.0,13126,26590.0,19553.25,34991.0
4.0,13061,22795.0,16300.0,31995.0
5.0,11952,18900.0,13421.25,28198.75
6.0,13646,16995.0,11988.0,25989.75
7.0,13808,14700.0,9995.0,20995.0
8.0,14504,12500.0,8598.75,17900.0
9.0,12445,10500.0,7495.0,15988.0
10.0,11311,9975.0,6995.0,14914.5
11.0,9369,7995.0,5950.0,11900.0
12.0,7635,6995.0,4995.0,9998.0
13.0,11010,6995.0,4978.75,10900.0
14.0,9803,6500.0,4495.0,9995.0
15.0,8761,5950.0,3995.0,8995.0
16.0,7413,5300.0,3550.0,8500.0
17.0,6371,4999.0,3495.0,8000.0
18.0,5261,4695.0,3000.0,7950.0
19.0,4215,4500.0,2950.0,7700.0
20.0,3346,4499.0,2800.0,7900.0
21.0,2710,4250.0,2800.0,7995.0
22.0,2316,4500.0,2700.0,8800.0
23.0,1550,3900.0,2299.25,7237.5
24.0,1389,4250.0,2500.0,8000.0
25.0,1037,4477.0,2490.0,8900.0
