x_axis,x_value,segment,category,listings,median_price
odometer,10000.0,fuel,gas,13451,25999.0
odometer,30000.0,fuel,gas,16194,24999.0
odometer,50000.0,fuel,gas,15131,19500.0
odometer,70000.0,fuel,gas,17649,14999.0
odometer,90000.0,fuel,gas,21483,11998.0
odometer,110000.0,fuel,gas,22363,9900.0
odometer,130000.0,fuel,gas,20878,7995.0
odometer,150000.0,fuel,gas,17850,6800.0
odometer,170000.0,fuel,gas,13632,5950.0
odometer,190000.0,fuel,gas,9244,5000.0
odometer,210000.0,fuel,gas,6232,4500.0
odometer,230000.0,fuel,gas,3310,4464.5
odometer,10000.0,fuel,diesel,871,55000.0
odometer,30000.0,fuel,diesel,727,55995.0
odometer,50000.0,fuel,diesel,818,48900.0
odometer,70000.0,fuel,diesel,954,35942.0
odometer,90000.0,fuel,diesel,980,30997.5
odometer,110000.0,fuel,diesel,1027,27500.0
odometer,130000.0,fuel,diesel,1019,25400.0
odometer,150000.0,fuel,diesel,962,23991.0
odometer,170000.0,fuel,diesel,922,20000.0
odometer,190000.0,fuel,diesel,832,18000.0
odometer,210000.0,fuel,diesel,643,16000.0
odometer,230000.0,fuel,diesel,544,15000.0
odometer,10000.0,transmission,automatic,12080,26000.0
odometer,30000.0,transmission,automatic,14916,25467.5
odometer,50000.0,transmission,automatic,14810,19900.0
odometer,70000.0,transmission,automatic,17584,15500.0
odometer,90000.0,transmission,automatic,21471,12500.0
odometer,110000.0,transmission,automatic,22451,9999.0
odometer,130000.0,transmission,automatic,21031,8450.0
odometer,150000.0,transmission,automatic,18006,6995.0
odometer,170000.0,transmission,automatic,13844,6200.0
odometer,190000.0,transmission,automatic,9491,5500.0
odometer,210000.0,transmission,automatic,6370,4986.5
odometer,230000.0,transmission,automatic,3595,4995.0
odometer,10000.0,transmission,manual,952,24995.0
odometer,30000.0,transmission,manual,798,23500.0
odometer,50000.0,transmission,manual,1000,17500.0
odometer,70000.0,transmission,manual,1266,14000.0
odometer,90000.0,transmission,manual,1484,10000.0
odometer,110000.0,transmission,manual,1570,7995.0
odometer,130000.0,transmission,manual,1430,6650.0
odometer,150000.0,transmission,manual,1292,5900.0
odometer,170000.0,transmission,manual,1018,4995.0
odometer,190000.0,transmission,manual,780,4250.0
odometer,210000.0,transmission,manual,582,3997.0
odometer,230000.0,transmission,manual,319,4300.0
odometer,10000.0,drive,fwd,4086,20495.0
odometer,30000.0,drive,fwd,5426,18990.0
odometer,50000.0,drive,fwd,5288,14999.0
odometer,70000.0,drive,fwd,6261,11988.0
odometer,90000.0,drive,fwd,7476,9500.0
odometer,110000.0,drive,fwd,7670,7991.0
odometer,130000.0,drive,fwd,6801,6595.0
odometer,150000.0,drive,fwd,5397,5600.0
odometer,170000.0,drive,fwd,3869,4900.0
odometer,190000.0,drive,fwd,2483,4000.0
odometer,210000.0,drive,fwd,1558,3500.0
odometer,230000.0,drive,fwd,806,3500.0
odometer,10000.0,drive,rwd,2403,32873.0
odometer,30000.0,drive,rwd,2589,28000.0
odometer,50000.0,drive,rwd,2431,22985.0
odometer,70000.0,drive,rwd,2679,17995.0
odometer,90000.0,drive,rwd,2829,13995.0
odometer,110000.0,drive,rwd,2791,11800.0
odometer,130000.0,drive,rwd,2445,9400.0
odometer,150000.0,drive,rwd,2213,7995.0
odometer,170000.0,drive,rwd,1716,7470.0
odometer,190000.0,drive,rwd,1256,6495.0
odometer,210000.0,drive,rwd,968,5995.0
odometer,230000.0,drive,rwd,578,5625.0
odometer,10000.0,drive,4wd,4564,36999.0
odometer,30000.0,drive,4wd,6014,33589.5
odometer,50000.0,drive,4wd,5222,29753.0
odometer,70000.0,drive,4wd,5769,23599.0
odometer,90000.0,drive,4wd,7041,17999.0
odometer,110000.0,drive,4wd,7458,14900.0
odometer,130000.0,drive,4wd,7219,11995.0
odometer,150000.0,drive,4wd,6368,9950.0
odometer,170000.0,drive,4wd,5058,8500.0
odometer,190000.0,drive,4wd,3649,7800.0
odometer,210000.0,drive,4wd,2446,6525.0
odometer,230000.0,drive,4wd,1520,6900.0
year,1995.0,fuel,gas,892,4950.0
year,1996.0,fuel,gas,907,3995.0
year,1997.0,fuel,gas,1238,3989.0
year,1998.0,fuel,gas,1410,3500.0
year,1999.0,fuel,gas,1991,3950.0
year,2000.0,fuel,gas,2411,3995.0
year,2001.0,fuel,gas,3010,3999.0
year,2002.0,fuel,gas,3828,4100.0
year,2003.0,fuel,gas,4825,4497.0
year,2004.0,fuel,gas,5819,4900.0
year,2005.0,fuel,gas,6728,4999.0
year,2006.0,fuel,gas,7923,5500.0
year,2007.0,fuel,gas,8976,6200.0
year,2008.0,fuel,gas,9979,6875.0
year,2009.0,fuel,gas,7163,6995.0
year,2010.0,fuel,gas,8640,7995.0
year,2011.0,fuel,gas,10204,9500.0
year,2012.0,fuel,gas,11072,9999.0
year,2013.0,fuel,gas,12943,11997.0
year,2014.0,fuel,gas,12160,13997.0
year,2015.0,fuel,gas,11854,16495.0
year,2016.0,fuel,gas,10444,17990.0
year,2017.0,fuel,gas,11206,21994.5
year,2018.0,fuel,gas,11149,25990.0
year,2019.0,fuel,gas,6935,28900.0
year,2020.0,fuel,gas,4431,34590.0
year,2021.0,fuel,gas,804,31000.0
year,1999.0,fuel,diesel,298,11550.0
year,2000.0,fuel,diesel,278,12400.0
year,2001.0,fuel,diesel,309,14975.0
year,2002.0,fuel,diesel,350,12972.5
year,2003.0,fuel,diesel,382,13994.0
year,2004.0,fuel,diesel,478,14000.0
year,2005.0,fuel,diesel,572,14995.0
year,2006.0,fuel,diesel,678,16000.0
year,2007.0,fuel,diesel,533,18000.0
year,2008.0,fuel,diesel,680,19500.0
year,2009.0,fuel,diesel,225,20995.0
year,2010.0,fuel,diesel,249,19995.0
year,2011.0,fuel,diesel,523,27800.0
year,2012.0,fuel,diesel,651,29500.0
year,2013.0,fuel,diesel,542,29999.0
year,2014.0,fuel,diesel,650,31650.0
year,2015.0,fuel,diesel,827,38800.0
year,2016.0,fuel,diesel,622,45986.5
year,2017.0,fuel,diesel,626,50999.0
year,2018.0,fuel,diesel,528,49999.0
year,2019.0,fuel,diesel,518,61995.0
year,2020.0,fuel,diesel,344,70997.5
year,1995.0,transmission,automatic,761,4900.0
year,1996.0,transmission,automatic,832,4000.0
year,1997.0,transmission,automatic,1086,3995.0
year,1998.0,transmission,automatic,1276,3650.0
year,1999.0,transmission,automatic,1891,3999.0
year,2000.0,transmission,automatic,2240,4000.0
year,2001.0,transmission,automatic,2844,4250.0
year,2002.0,transmission,automatic,3700,4495.0
year,2003.0,transmission,automatic,4669,4500.0
year,2004.0,transmission,automatic,5784,4999.0
year,2005.0,transmission,automatic,6671,5200.0
year,2006.0,transmission,automatic,7876,5900.0
year,2007.0,transmission,automatic,8955,6500.0
year,2008.0,transmission,automatic,10124,6995.0
year,2009.0,transmission,automatic,6985,6995.0
year,2010.0,transmission,automatic,8623,7995.0
year,2011.0,transmission,automatic,10475,9950.0
year,2012.0,transmission,automatic,11405,10495.0
year,2013.0,transmission,automatic,13081,12000.0
year,2014.0,transmission,automatic,12646,14495.0
year,2015.0,transmission,automatic,12363,16950.0
year,2016.0,transmission,automatic,10663,18451.0
year,2017.0,transmission,automatic,11314,22468.5
year,2018.0,transmission,automatic,10670,26141.5
year,2019.0,transmission,automatic,6823,29900.0
year,2020.0,transmission,automatic,4036,36997.5
year,2021.0,transmission,automatic,839,33192.0
year,1995.0,transmission,manual,237,6991.0
year,1996.0,transmission,manual,193,6500.0
year,1997.0,transmission,manual,291,6000.0
year,1998.0,transmission,manual,265,5750.0
year,1999.0,transmission,manual,405,8500.0
year,2000.0,transmission,manual,438,5992.5
year,2001.0,transmission,manual,471,6000.0
year,2002.0,transmission,manual,454,5944.0
year,2003.0,transmission,manual,539,5850.0
year,2004.0,transmission,manual,530,5500.0
year,2005.0,transmission,manual,628,5995.0
year,2006.0,transmission,manual,769,6495.0
year,2007.0,transmission,manual,733,6272.0
year,2008.0,transmission,manual,735,6969.0
year,2009.0,transmission,manual,508,6495.0
year,2010.0,transmission,manual,564,8447.5
year,2011.0,transmission,manual,572,8997.0
year,2012.0,transmission,manual,677,9495.0
year,2013.0,transmission,manual,784,10989.0
year,2014.0,transmission,manual,525,12500.0
year,2015.0,transmission,manual,514,15500.0
year,2016.0,transmission,manual,456,17990.0
year,2017.0,transmission,manual,407,21795.0
year,2018.0,transmission,manual,264,25000.0
year,2019.0,transmission,manual,175,27867.0
year,1996.0,drive,fwd,171,2499.0
year,1997.0,drive,fwd,196,2725.0
year,1998.0,drive,fwd,291,2500.0
year,1999.0,drive,fwd,382,2800.0
year,2000.0,drive,fwd,554,3000.0
year,2001.0,drive,fwd,701,3000.0
year,2002.0,drive,fwd,871,3200.0
year,2003.0,drive,fwd,1224,3500.0
year,2004.0,drive,fwd,1454,3800.0
year,2005.0,drive,fwd,1817,3999.0
year,2006.0,drive,fwd,2267,4500.0
year,2007.0,drive,fwd,2783,4990.0
year,2008.0,drive,fwd,3054,5380.0
year,2009.0,drive,fwd,2550,5986.5
year,2010.0,drive,fwd,3049,6500.0
year,2011.0,drive,fwd,3158,7500.0
year,2012.0,drive,fwd,4192,7995.0
year,2013.0,drive,fwd,4826,9000.0
year,2014.0,drive,fwd,4221,10888.0
year,2015.0,drive,fwd,4195,12345.0
year,2016.0,drive,fwd,3809,13900.0
year,2017.0,drive,fwd,4020,16588.0
year,2018.0,drive,fwd,3814,19690.0
year,2019.0,drive,fwd,2369,20999.0
year,2020.0,drive,fwd,1347,23995.0
year,2021.0,drive,fwd,161,23999.0
year,1995.0,drive,rwd,311,6000.0
year,1996.0,drive,rwd,282,6000.0
year,1997.0,drive,rwd,396,4994.0
year,1998.0,drive,rwd,403,5500.0
year,1999.0,drive,rwd,579,5950.0
year,2000.0,drive,rwd,611,5900.0
year,2001.0,drive,rwd,706,6499.5
year,2002.0,drive,rwd,872,6500.0
year,2003.0,drive,rwd,981,6300.0
year,2004.0,drive,rwd,1033,6995.0
year,2005.0,drive,rwd,1163,7950.0
year,2006.0,drive,rwd,1238,7995.0
year,2007.0,drive,rwd,1352,9200.0
year,2008.0,drive,rwd,1286,9900.0
year,2009.0,drive,rwd,735,10495.0
year,2010.0,drive,rwd,886,11295.5
year,2011.0,drive,rwd,1100,12937.0
year,2012.0,drive,rwd,1225,14900.0
year,2013.0,drive,rwd,1483,15999.0
year,2014.0,drive,rwd,1498,18500.0
year,2015.0,drive,rwd,1414,22500.0
year,2016.0,drive,rwd,1194,24989.0
year,2017.0,drive,rwd,1272,26995.0
year,2018.0,drive,rwd,1258,29995.0
year,2019.0,drive,rwd,986,32951.0
year,2020.0,drive,rwd,567,36999.0
year,1995.0,drive,4wd,276,6295.0
year,1996.0,drive,4wd,301,5900.0
year,1997.0,drive,4wd,420,5500.0
year,1998.0,drive,4wd,390,5000.0
year,1999.0,drive,4wd,713,5999.0
year,2000.0,drive,4wd,790,5750.0
year,2001.0,drive,4wd,961,5700.0
year,2002.0,drive,4wd,1249,5499.0
year,2003.0,drive,4wd,1591,5990.0
year,2004.0,drive,4wd,2094,6000.0
year,2005.0,drive,4wd,2245,6500.0
year,2006.0,drive,4wd,2703,7250.0
year,2007.0,drive,4wd,2852,8499.5
year,2008.0,drive,4wd,3418,9250.0
year,2009.0,drive,4wd,2104,9361.0
year,2010.0,drive,4wd,2678,10590.5
year,2011.0,drive,4wd,3848,12995.0
year,2012.0,drive,4wd,3695,14995.0
year,2013.0,drive,4wd,4192,16900.0
year,2014.0,drive,4wd,4382,19988.0
year,2015.0,drive,4wd,4449,24900.0
year,2016.0,drive,4wd,3899,27599.0
year,2017.0,drive,4wd,4581,30590.0
year,2018.0,drive,4wd,4639,32999.0
year,2019.0,drive,4wd,3010,39582.5
year,2020.0,drive,4wd,1915,45039.0
year,2021.0,drive,4wd,404,45997.5
