manufacturer,recalls,units_affected,units_per_recall,rank_by_recalls,rank_by_units
General Motors,1700,204857700,120505.0,1,2
Ford,1678,223873281,133417.0,2,1
Chrysler (FCA),1509,145729914,96574.0,3,3
"Forest River, Inc.",615,1155619,1879.0,4,73
Volkswagen Group,589,32814794,55713.0,5,8
BMW,578,15919302,27542.0,6,15
"Daimler Trucks North America, LLC",533,3673076,6891.0,7,35
Mercedes-Benz,500,11348805,22698.0,8,19
Honda,465,80946678,174079.0,9,5
Nissan,438,43969207,100386.0,10,7
"Mack Trucks, Inc.",427,1532809,3590.0,11,60
PACCAR Incorporated,419,2585264,6170.0,12,43
Toyota,409,78465115,191846.0,13,6
Blue Bird Body Company,408,840936,2061.0,14,80
"International Motors, LLC",399,2328791,5837.0,15,46
FREIGHTLINER LLC,348,1551636,4459.0,16,59
INTERNATIONAL TRUCK & ENGINE CORPORATION,308,2741582,8901.0,17,40
"Jayco, Inc.",302,703257,2329.0,18,86
Hyundai,291,28223554,96988.0,19,10
Jaguar Land Rover,282,2707351,9601.0,20,42
Volvo Trucks North America,255,1282124,5028.0,21,66
Keystone RV Company,244,1923742,7884.0,22,48
"Winnebago Industries, Inc.",243,434845,1789.0,23,111
Shyft Group,238,160445,674.0,24,189
Mazda,219,11897929,54328.0,25,18
Porsche,209,1767495,8457.0,26,53
Harley-Davidson,202,3803355,18828.0,27,34
Kia,202,16830208,83318.0,28,13
"Altec Industries, Inc.",193,172575,894.0,29,179
Volvo Cars,189,6552846,34671.0,30,25
"FLEETWOOD ENTERPRISES, INC.",184,549842,2988.0,31,98
Newmar Corporation,174,146343,841.0,32,197
Subaru,174,15034260,86404.0,33,16
Mitsubishi,149,7452641,50018.0,34,24
Cooper Tire & Rubber Co.,145,1634464,11272.0,35,56
WHITE MOTOR CORPORATION,144,239899,1666.0,36,150
Thor Motor Coach,136,223177,1641.0,37,155
"Autocar, LLC",134,113169,845.0,38,229
"Daimler Vans USA, LLC",124,1407506,11351.0,39,62
"Gillig, LLC",123,159735,1299.0,40,190
"Suzuki Motor USA, LLC",122,2570781,21072.0,41,44
"Motor Coach Industries, Inc",120,130999,1092.0,42,206
"Kawasaki Motors Corp., U.S.A.",120,536798,4473.0,43,101
Isuzu Motors Limited,112,1893594,16907.0,44,49
Prevost Car (US) Inc.,112,72171,644.0,45,288
Pierce Manufacturing,111,53185,479.0,46,341
"THOMAS BUILT BUSES, INC.",111,463778,4178.0,47,106
"New Flyer of America, Inc.",109,77088,707.0,48,277
MONACO COACH CORPORATION,104,90954,875.0,49,254
"Tiffin Motorhomes, Inc.",103,169700,1648.0,50,184
