mfr_group,Manufacturer,recalls
Aston Martin,Aston Martin The Americas,33
BMW,"BMW of North America, LLC",578
Chrysler (FCA),"Chrysler (FCA US, LLC)",1490
Chrysler (FCA),DAIMLERCHRYSLER MANUFACTURING INTL,8
Chrysler (FCA),CHRYSLER CORP-OVERSEAS,6
Chrysler (FCA),Chrysler Group Global Electric Motorcars,5
Ferrari,"Ferrari North America, Inc.",83
Ford,Ford Motor Company,1678
General Motors,"General Motors, LLC",1700
Harley-Davidson,Harley-Davidson Motor Company,202
Honda,Honda (American Honda Motor Co.),464
Honda,HONDA OF MINOLA,1
Hyundai,Hyundai Motor America,291
Jaguar Land Rover,"Jaguar Land Rover North America, LLC",188
Jaguar Land Rover,Land Rover,49
Jaguar Land Rover,"Jaguar Cars, Ltd.",45
Kia,"Kia America, Inc.",202
Mazda,Mazda North American Operations,198
Mazda,Mazda Motor Corp.,21
Mercedes-Benz,"Mercedes-Benz USA, LLC",494
Mercedes-Benz,"Mercedes-Benz USA, LLC - DBA Sprinter",6
Mitsubishi,"Mitsubishi Motors North America, Inc.",149
Nissan,"Nissan North America, Inc.",438
Porsche,"Porsche Cars North America, Inc.",209
Subaru,"Subaru of America, Inc.",174
Tesla,"Tesla, Inc.",90
Toyota,Toyota Motor Engineering & Manufacturing,327
Toyota,Toyota Motor Corporation,82
Volkswagen Group,"Volkswagen Group of America, Inc.",587
Volkswagen Group,AUDIOVOX CORPORATION,1
Volkswagen Group,"AUDIOVOX SPECIALIZED APPLICATIONS, LLC",1
Volvo Cars,"Volvo Car USA, LLC",189
