Manufacturer,Year,Recall_Count,Z_Score
Ford,2025,153,5.74
General Motors,2014,77,4.52
Nova Bus (US) Inc.,2024,18,4.5
"Kawasaki Motors Corp., U.S.A.",2008,11,4.34
Subaru,2019,17,4.2
"Altec Industries, Inc.",2018,28,4.19
MONACO COACH CORPORATION,2003,19,4.12
Newmar Corporation,2016,21,3.88
Prevost Car (US) Inc.,2012,16,3.86
Volkswagen Group,2022,47,3.83
Thor Motor Coach,2020,20,3.78
Isuzu Motors Limited,1997,9,3.65
Kia,2022,24,3.65
MONACO COACH CORPORATION,2004,17,3.64
"Daimler Vans USA, LLC",2019,21,3.58
"Daimler Vans USA, LLC",2020,21,3.58
FREIGHTLINER LLC,2007,33,3.57
WHITE MOTOR CORPORATION,1977,18,3.57
Thor Motor Coach,2017,19,3.57
Porsche,2021,17,3.55
"Autocar, LLC",2023,15,3.52
Newmar Corporation,2015,19,3.45
Chrysler (FCA),2024,72,3.43
Nova Bus (US) Inc.,2023,14,3.39
"International Motors, LLC",2010,37,3.39
"FLEETWOOD ENTERPRISES, INC.",2008,15,3.37
Mercedes-Benz,2021,49,3.35
Volvo Trucks North America,2023,16,3.29
Harley-Davidson,1999,11,3.29
Keystone RV Company,2018,24,3.21
"Daimler Vans USA, LLC",2021,19,3.2
"THOMAS BUILT BUSES, INC.",1995,11,3.18
"THOMAS BUILT BUSES, INC.",1997,11,3.18
Mazda,2000,16,3.18
Kia,2023,21,3.12
Hyundai,2024,25,3.08
BMW,2019,42,3.08
Prevost Car (US) Inc.,2013,13,3.04
Prevost Car (US) Inc.,2023,13,3.04
Nissan,2021,28,3.04
Subaru,2023,13,3.01
INTERNATIONAL TRUCK & ENGINE CORPORATION,1973,21,2.97
"Autocar, LLC",2025,13,2.97
Shyft Group,2015,19,2.96
Kia,2024,20,2.94
Mazda,2019,15,2.92
FREIGHTLINER LLC,2005,28,2.91
FREIGHTLINER LLC,2000,28,2.91
Jaguar Land Rover,2023,21,2.9
Jaguar Land Rover,2024,21,2.9
"Motor Coach Industries, Inc",2009,8,2.89
"Motor Coach Industries, Inc",2011,8,2.89
"Motor Coach Industries, Inc",2015,8,2.89
"Daimler Trucks North America, LLC",2018,51,2.87
Toyota,2018,25,2.85
Nova Bus (US) Inc.,2015,12,2.84
Nova Bus (US) Inc.,2025,12,2.84
"Daimler Vans USA, LLC",2017,17,2.82
"Winnebago Industries, Inc.",2024,14,2.78
"Gillig, LLC",2015,9,2.77
"Forest River, Inc.",2018,63,2.72
"Forest River, Inc.",2016,62,2.67
WHITE MOTOR CORPORATION,1979,14,2.66
Hyundai,2022,22,2.63
Pierce Manufacturing,2016,8,2.63
Volkswagen Group,2018,35,2.6
Volvo Cars,2025,9,2.59
Volvo Cars,2021,9,2.59
Volvo Cars,2010,9,2.59
Shyft Group,2013,17,2.57
"Tiffin Motorhomes, Inc.",2022,8,2.56
"Tiffin Motorhomes, Inc.",2021,8,2.56
"Tiffin Motorhomes, Inc.",2024,8,2.56
"Suzuki Motor USA, LLC",2007,8,2.55
"Suzuki Motor USA, LLC",2015,8,2.55
Mitsubishi,2000,10,2.54
Blue Bird Body Company,2010,21,2.54
"Daimler Trucks North America, LLC",2021,46,2.53
Mercedes-Benz,2018,39,2.53
"FLEETWOOD ENTERPRISES, INC.",2007,12,2.52
"Forest River, Inc.",2024,59,2.52
BMW,2024,36,2.51
BMW,2020,36,2.51
Porsche,2023,13,2.5
Porsche,2024,13,2.5
Volkswagen Group,2021,34,2.5
Porsche,2019,13,2.5
"Jayco, Inc.",2019,21,2.49
PACCAR Incorporated,2014,20,2.49
PACCAR Incorporated,2007,20,2.49
Prevost Car (US) Inc.,2022,11,2.49
"THOMAS BUILT BUSES, INC.",1996,9,2.48
Hyundai,2025,21,2.47
"Forest River, Inc.",2017,58,2.47
Volvo Trucks North America,2025,13,2.45
Mercedes-Benz,2020,38,2.45
Mercedes-Benz,2017,38,2.45
Harley-Davidson,2014,9,2.43
Subaru,2016,11,2.42
"Autocar, LLC",2021,11,2.42
Keystone RV Company,2017,19,2.41
Mazda,2017,13,2.41
Keystone RV Company,2019,19,2.41
"New Flyer of America, Inc.",2005,7,2.39
Newmar Corporation,2018,14,2.38
"Gillig, LLC",2023,8,2.37
"Altec Industries, Inc.",2025,17,2.33
Hyundai,2021,20,2.32
"Daimler Trucks North America, LLC",2022,43,2.32
"Forest River, Inc.",2020,55,2.31
Nissan,2023,23,2.31
PACCAR Incorporated,2015,19,2.3
Thor Motor Coach,2016,13,2.29
Thor Motor Coach,2018,13,2.29
Honda,2025,24,2.27
"FLEETWOOD ENTERPRISES, INC.",2006,11,2.24
"FLEETWOOD ENTERPRISES, INC.",2003,11,2.24
"Winnebago Industries, Inc.",2008,12,2.22
"Mack Trucks, Inc.",2005,17,2.22
"Mack Trucks, Inc.",2025,17,2.22
"Mack Trucks, Inc.",2023,17,2.22
INTERNATIONAL TRUCK & ENGINE CORPORATION,1971,17,2.22
MONACO COACH CORPORATION,2001,11,2.21
Pierce Manufacturing,2010,7,2.21
MONACO COACH CORPORATION,2008,11,2.21
Pierce Manufacturing,2011,7,2.21
Mercedes-Benz,2022,35,2.2
General Motors,2000,52,2.2
Mitsubishi,2016,9,2.2
Mitsubishi,2014,9,2.2
WHITE MOTOR CORPORATION,1973,12,2.2
Jaguar Land Rover,2020,17,2.19
"Daimler Trucks North America, LLC",2011,41,2.19
Newmar Corporation,2021,13,2.17
Cooper Tire & Rubber Co.,1980,7,2.17
Cooper Tire & Rubber Co.,1979,7,2.17
"International Motors, LLC",2025,26,2.16
"Tiffin Motorhomes, Inc.",2023,7,2.15
Mazda,2004,12,2.15
BMW,2023,32,2.13
Honda,2018,23,2.13
Isuzu Motors Limited,1998,6,2.12
"Suzuki Motor USA, LLC",2018,7,2.12
"Suzuki Motor USA, LLC",2005,7,2.12
Isuzu Motors Limited,2000,6,2.12
Isuzu Motors Limited,2020,6,2.12
Keystone RV Company,2020,17,2.08
Volkswagen Group,2020,30,2.08
Thor Motor Coach,2019,12,2.08
Toyota,2016,20,2.07
Toyota,2014,20,2.07
Kia,2021,15,2.06
"International Motors, LLC",2012,25,2.05
"Forest River, Inc.",2019,50,2.05
Chrysler (FCA),2025,53,2.04
Mercedes-Benz,2019,33,2.03
Hyundai,2023,18,2.02
"Jayco, Inc.",2024,18,2.02
"Jayco, Inc.",2023,18,2.02
"Jayco, Inc.",2022,18,2.02
"Jayco, Inc.",2020,18,2.02
"Jayco, Inc.",2018,18,2.02
"Jayco, Inc.",2006,18,2.02
"Forest River, Inc.",2015,49,2.0
